{
  "14": 1.5,
  "20": 1.5,
  "5": 1.4500000000000004,
  "35": 1.5,
  "16": 1.5,
  "4": 1.0000000000000002,
  "12": 1.3500000000000003,
  "15": 1.5,
  "6": 1.3000000000000003,
  "24": 1.5,
  "36": 1.5,
  "13": 1.5,
  "19": 1.3000000000000003,
  "18": 1.5,
  "21": 1.4500000000000004,
  "31": 1.3500000000000003,
  "34": 1.5,
  "10": 1.1500000000000004,
  "0": 1.5,
  "8": 1.2000000000000002,
  "26": 1.5,
  "3": 1.5,
  "23": 1.2500000000000002,
  "32": 1.5,
  "28": 1.3000000000000003,
  "30": 1.3500000000000003,
  "1": 1.5,
  "29": 1.2500000000000002,
  "2": 1.2500000000000002,
  "25": 1.4000000000000004,
  "22": 1.1
}